Nama Restaurant,Rating,Price,Daerah,Tipe_1,Tipe_2,Tipe_3,Label
Kedai Pisang The Monkey,3.9,15000,"Kalibata, Jakarta",Desserts,-,-,1
KAKAW Fine Chocolate & Patisserie,3.4,20000,"Senayan, Jakarta",Kafe,Desserts,-,1
Bakeri Monami,3.5,20000,"Senayan City, Senayan, Jakarta",Kue & Roti,Desserts,-,1
Join Kopi Bulungan,3.9,20000,"Blok M, Jakarta",Kopi,-,-,1
Kopi Coga,4,25000,"Bendungan Hilir, Jakarta",Kafe,Kopi,Tea,1
Ayam Keprabon Express,3.8,25000,"Palmerah, Jakarta",Indonesia,-,-,1
Bakmi DKI,3.1,25000,"Palmerah, Jakarta",Bakmi,-,-,1
"Mie Keriting Benhil ""Mas Pujo""",3.4,25000,"Bendungan Hilir, Jakarta",Bakmi,-,-,1
Pecel Ayam Mami,3.8,25000,"Palmerah, Jakarta",Jawa,-,-,1
D' Crepes,3.5,25000,"Plaza Senayan, Senayan, Jakarta",Desserts,Camilan,-,1
Daikohi,3.3,25000,"Senayan, Jakarta",Minuman,-,-,1
Le Gourmet,3,25000,"Plaza Senayan, Senayan, Jakarta",Kue & Roti,Desserts,-,1
Fortis Coffee,3,25000,"Senayan Park, Senayan, Jakarta",Kopi,-,-,1
Kopi Lain Hati,3.3,25000,"Senayan, Jakarta",Kopi,Minuman,-,1
Rocky Rooster,4.2,25000,"Palmerah, Jakarta",Makanan Cepat Saji,-,-,1
Kopilangit,3,25000,"Bendungan Hilir, Jakarta",Kafe,Kopi,Tea,1
Selembar Pizza,3.1,25000,"Palmerah, Jakarta",Kopi,Pizza,-,1
Kopi SSS,3.7,25000,"Sudirman, Jakarta",Kopi,Minuman,-,1
Kidota Coffee,4.9,25000,"Senayan, Jakarta",Kopi,-,-,1
Kopi Ketemu,3.4,25000,"Senayan, Jakarta",Kopi,-,-,1
Nasi Padang Trio Jaya,3.3,25000,"Kuliner GBK, Senayan, Jakarta",Padang,-,-,1
Ayam Blenger PSP,4.2,25000,"Palmerah, Jakarta",Indonesia,-,-,1
Bakso Cinta Rasa,4,25000,"Palmerah, Jakarta",Bakso,-,-,1
Ayam Gepuk Sambal Bawang Pak Gembus,3.5,25000,"Senopati, Jakarta",Indonesia,-,-,1
KL Kafe,5,25000,"K - Link Tower, Gatot Subroto, Jakarta",Kafe,Tea,Desserts,1
Burger Bakar Qebul,4.1,25000,"Pasar Minggu, Jakarta",Burger,-,-,1
Kedai Kopi Tenong,3.8,25000,"Fatmawati, Jakarta",Makanan Jalanan,Indonesia,-,1
COFFE.A,3.7,25000,"PHX Permata Hijau, Kebayoran Lama, Jakarta",Kafe,Kopi,-,1
Teritori Kopi,3.6,25000,"Jagakarsa, Jakarta",Kopi,-,-,1
KO.LO Kopi Lokal,4.1,25000,"Dharmawangsa, Jakarta",Kopi,Indonesia,Camilan,1
Dimsum Pertok,3.4,25000,"Dharmawangsa, Jakarta",Dimsum,-,-,1
Warung Gelo,3,25000,"Kemang, Jakarta",Makanan Jalanan,Indonesia,-,1
Kopi KANO,3.7,25000,"Senopati, Jakarta",Kafe,Kopi,-,1
Châteraisé,4.3,30000,"Senayan City, Senayan, Jakarta",Kopi,Kue & Roti,Minuman,1
Fi:ka by Sour Sally,3.6,30000,"Senayan, Jakarta",Kopi,Minuman,-,1
Bakerman,4.2,30000,"SCBD, Jakarta",Kopi,Desserts,Minuman,1
Rumah Makan Surya,4.2,30000,"Bendungan Hilir, Jakarta",Padang,-,-,1
Bakmi Win,4,30000,"SCBD, Jakarta",Bakmi,Chinese,-,1
Mie Ayam Gamat,3.9,30000,"Bendungan Hilir, Jakarta",Bakmi,-,-,1
Onigiri Futago,3.5,30000,"fX Sudirman, Sudirman, Jakarta",Makanan Jalanan,Jepang,-,1
Sate Taichan 87 Bang Ocit,3.8,30000,"Senayan, Jakarta",Satay,-,-,1
Bukanagara Coffee,3.7,30000,"Graha Niaga, SCBD, Jakarta",Kopi,-,-,1
Kebab Monster,3.4,30000,"Palmerah, Jakarta",Kebab,-,-,1
Soto Sedaap Boyolali Hj. Widodo,3.8,30000,"Bendungan Hilir, Jakarta",Soto,Satay,Jawa,1
Salt and Pepper,3.9,30000,"Palmerah, Jakarta",Taiwanese,Makanan Jalanan,-,1
Karaagee Oishi,3.7,30000,"fX Sudirman, Sudirman, Jakarta",Jepang,-,-,1
Sharetea,3.7,30000,"Plaza Semanggi, Sudirman, Jakarta",Bubble Tea,Minuman,-,1
Blenger Burger,4.3,30000,"Blok M, Jakarta",Burger,Fast Food,-,1
Nasi Peda Pelangi,3.4,30000,"Fairgrounds, SCBD, Jakarta",Indonesia,-,-,1
Nusa Kopi,4.5,30000,"Gandaria, Jakarta",Kopi,-,-,1
Mie Aceh Jaly - Jaly,3.9,30000,"Tebet, Jakarta",Aceh,-,-,1
ILegal Library,4.6,30000,"Senopati, Jakarta",Kopi,-,-,1
KISAKU,4.2,30000,"Senopati, Jakarta",Kopi,-,-,1
Foresthree,3.9,30000,"Dharmawangsa, Jakarta",Indonesia,Barat,Kafe,1
Setengah Lima Coffee,3.3,30000,"Kemang, Jakarta",Kopi,-,-,1
Kopi Nako,3.8,30000,"Melawai, Jakarta",Kopi,Tea,-,1
Chickro,3.4,30000,"M Bloc Space, Senopati, Jakarta",Indonesia,-,-,1
Dapur Sedap,3.3,30000,"Bintaro, Jakarta",Indonesia,-,-,1
Soto Mie Teh Ussy,3,30000,"Lebak Bulus, Jakarta",Soto,Sunda,-,1
Makna Coffee,4.5,33000,"Promenade Commercial, Kemang, Jakarta",Kafe,Kopi,Tea,1
Strudel House,3.5,35000,"Plaza Senayan, Senayan, Jakarta",Kue & Roti,-,-,1
Bakso Solo,4.3,35000,"Kuliner GBK, Senayan, Jakarta",Bakso,-,-,1
Pizza Grand Lucky,4.2,35000,"Grand Lucky Superstore, SCBD, Jakarta",Pizza,-,-,1
Gudeg Pejompongan,3.9,35000,"Bendungan Hilir, Jakarta",Jawa,-,-,1
Kopi Enak Indonesia,3.8,35000,"Bendungan Hilir, Jakarta",Kopi,Minuman,-,1
Ayam Bebek Pak Boss,2.7,35000,"Palmerah, Jakarta",Indonesia,-,-,1
BreadTalk,3.4,35000,"Senayan City, Senayan, Jakarta",Kue & Roti,Desserts,-,1
Koi Kafe,3.3,35000,"Senayan City, Senayan, Jakarta",Bubble Tea,Minuman,-,1
Soma Coffee,4.7,35000,"Senayan, Jakarta",Kopi,-,-,1
Nasi Gila & Sate Taichan Patung Panahan,3.1,35000,"Senayan, Jakarta",Makanan Jalanan,Satay,-,1
Kina,3.4,35000,"SCBD, Jakarta",Kopi,Burger,Fusion,1
HABITUAL COFFEE & EATERY (Roti Bakar Kemang),3.2,35000,"Bendungan Hilir, Jakarta",Desserts,Makanan Jalanan,-,1
Arborea Kafe,3,35000,"Senayan, Jakarta",Kopi,-,-,1
Duta Bakwan & Cwie Mie Malang,3.3,35000,"Plaza Senayan, Senayan, Jakarta",Indonesia,-,-,1
McKafe,3.2,35000,"STC Senayan, Senayan, Jakarta",Kopi,Tea,Desserts,1
Churrobites: Churros and Coffee,4,35000,"Senayan, Jakarta",Kopi,Camilan,Barat,1
Kopi Senayan,3.5,35000,"Senayan, Jakarta",Kopi,-,-,1
Warung Steak 76,3.5,35000,"Palmerah, Jakarta",Steak,-,-,1
Kedai Kopi Kulo,3.7,35000,"Bendungan Hilir, Jakarta",Minuman,Kopi,-,1
Roti Bakar Kemang,3.9,35000,"Kemang, Jakarta",Desserts,Makanan Jalanan,-,1
Bakmi Jogja 'Mas Tok',3.6,35000,"Pasar Minggu, Jakarta",Bakmi,Jawa,-,1
Araneo Coworking Space & Kafe,3.5,35000,"Pasar Minggu, Jakarta",Indonesia,Kopi,-,1
Panggang Bro,4,35000,"Kemang, Jakarta",Indonesia,Bali,-,1
Kedai Halaman,3.6,35000,"Fatmawati, Jakarta",Jawa,Indonesia,-,1
Philocoffee,3.8,35000,"Fatmawati, Jakarta",Kopi,Beverages,-,1
Dapoer Roti Bakar,3.7,35000,"Pasar Minggu, Jakarta",Kopi,Desserts,-,1
KOPIOLA,3.6,35000,"Jagakarsa, Jakarta",Kopi,-,-,1
HAOTE - Sate Maranggi,3.8,35000,"Senopati, Jakarta",Satay,Sunda,Indonesia,1
Casa Da Vespa Kafe,3.3,35000,"Fatmawati, Jakarta",Kopi,Tea,Beverages,1
Mie Aceh Seulawah,4.2,38000,"Bendungan Hilir, Jakarta",Bakmi,Aceh,-,1
Krispy Kreme,3.4,38000,"Senayan City, Senayan, Jakarta",Kue & Roti,Desserts,-,1
Maqui's,3.7,38000,"Senayan City, Senayan, Jakarta",Desserts,-,-,1
9 Square Pool & Resto,3.4,38000,"Palmerah, Jakarta",Indonesia,Chinese,-,1
Banyak GAYA Coffee,3.7,40000,"Senayan, Jakarta",Kopi,Barat,-,1
Amyrea Art & Kitchen,3,40000,"Senayan, Jakarta",Indonesia,-,-,1
Komodo Kopi,4.8,40000,"Senayan, Jakarta",Kopi,-,-,1
WOW Eat Drink Click,4.8,40000,"Senayan, Jakarta",Makanan Cepat Saji,-,-,1
Mangkok Ku,3.6,40000,"Senayan Park, Senayan, Jakarta",Indonesia,-,-,1
Ciz n' Chic,4.1,40000,"Palmerah, Jakarta",Makanan Cepat Saji,-,-,1
Khayal Coffee Studio,4.1,40000,"Bendungan Hilir, Jakarta",Kopi,Desserts,-,1
Honey Lane,3.9,40000,"Pacific Place, SCBD, Jakarta",Minuman,Ice Cream,Desserts,1
Ropisbak Ghifari,2.8,40000,"Palmerah, Jakarta",Makanan Jalanan,Indonesia,-,1
Stacksite Express,3.9,40000,"Senayan, Jakarta",Amerika,Burger,Makanan Cepat Saji,1
Auntie Anne's,3.5,40000,"Senayan City, Senayan, Jakarta",Kue & Roti,-,-,1
Sari Ratu,3.1,40000,"Plaza Senayan, Senayan, Jakarta",Padang,-,-,1
Casa Kopi,3.9,40000,"Bendungan Hilir, Jakarta",Kopi,-,-,1
Mister Donut,3.1,40000,"fX Sudirman, Sudirman, Jakarta",Kue & Roti,Desserts,-,1
BLEUM Coffee,3.1,40000,"Pacific Place, SCBD, Jakarta",Kopi,Tea,-,1
Love & Eat,3.5,40000,"Bendungan Hilir, Jakarta",Barat,Asia,-,1
Foodhall Kitchen,3,40000,"Plaza Senayan, Senayan, Jakarta",Eropa,Jawa,Indonesia,1
Soto Kudus Senayan,3,40000,"Rukan Permata Senayan, Senayan, Jakarta",Jawa,Soto,Indonesia,1
Old Chang Kee,3.6,40000,"Senayan City, Senayan, Jakarta",Singapura,-,-,1
Swoosh Coffee,3.4,40000,"Plaza Senayan, Senayan, Jakarta",Kopi,Desserts,-,1
Kue Lily,2.9,40000,"Plaza Senayan, Senayan, Jakarta",Kue & Roti,-,-,1
Garuda Sports Café,4.5,40000,"Senayan, Jakarta",Kopi,-,-,1
Sate Taichan Bang Ipan,3.4,40000,"Senayan, Jakarta",Satay,-,-,1
Bopet Mini,4.4,40000,"Bendungan Hilir, Jakarta",Padang,-,-,1
Restoran Ayam Jerit by Titi Kamal,3.2,40000,"Teras Benhil, Bendungan Hilir, Jakarta",Indonesia,-,-,1
AEON Sushi Dash & Go,3.4,40000,"fX Sudirman, Sudirman, Jakarta",Jepang,Sushi,-,1
Obonk Steak & Ribs,2.8,40000,"Palmerah, Jakarta",Steak,Jawa,-,1
Ben & Bill,3.6,40000,"Menara Prima, Kuningan, Jakarta",Kafe,-,-,1
Ketupat Sayur Mandala,3.7,40000,"Mampang Prapatan, Jakarta",Indonesia,-,-,1
Kopi SANA Kith & Kin,4.5,40000,"Kemang, Jakarta",Kopi,-,-,1
Toraja Coffee House,4,40000,"Tebet, Jakarta",Kafe,Kopi,Tea,1
Nubi Coffee And Bites,3.9,40000,"Fatmawati, Jakarta",Kafe,Kopi,-,1
What's Up CafÃ©,4,40000,"Tebet, Jakarta",Makanan Jalanan,Desserts,Indonesia,1
First Scoop,3.8,40000,"Pelaspas Dharmawangsa, Dharmawangsa, Jakarta",Ice Cream,-,-,1
Monochrome Coffee Roastery,3.8,40000,"Kemang Village, Kemang, Jakarta",Kopi,Barat,-,1
Kopi Sakti,3.7,40000,"Kemang, Jakarta",Kopi,Desserts,-,1
Lenma Coffee,3.7,40000,"Tebet, Jakarta",Kopi,-,-,1
Brookland Coffee,3.1,40000,"Dharmawangsa, Jakarta",Kafe,Kopi,-,1
Sangkala Coffee,3.7,40000,"Kemang, Jakarta",Kopi,Beverages,-,1
Burger Plan,3.7,40000,"Senopati, Jakarta",Burger,-,-,1
Darling Habit,4.1,40000,"Tebet, Jakarta",Kafe,Barat,Kopi,1
Toko Kopi Tuku,4.7,40000,"Pasar Santa, Senopati, Jakarta",Kopi,Beverages,-,1
Warung Fotkop,3.9,40000,"Fatmawati, Jakarta",Kafe,Kopi,-,1
Over Limit Kafe,4.7,40000,"Kebayoran Lama, Jakarta",Kafe,-,-,1
Waroeng Steak And Shake,2.5,40000,"Tebet, Jakarta",Steak,-,-,1
Pizzza Dealer,3.7,40000,"Pelaspas Dharmawangsa, Dharmawangsa, Jakarta",Pizza,-,-,1
Moss Kafe,3.2,40000,"Moss Kafe, Lebak Bulus, Jakarta",Kafe,Itali,Barat,1
Warung Pindang Kikil,3.9,40000,"Cilandak, Jakarta",Indonesia,Jawa,-,1
Soto Dudu,4.2,40000,"Lebak Bulus, Jakarta",Soto,Indonesia,-,1
Aroma Daun Sefood,4.9,40000,"Pondok Indah, Jakarta",Seafood,-,-,1
Roti Bakar 88,3.8,40000,"Jagakarsa, Jakarta",Desserts,Makanan Jalanan,Indonesia,1
Pyro Coffee House and Roastery,3.9,40000,"Fatmawati, Jakarta",Kopi,Itali,-,1
Ngoepi,3.5,40000,"Fatmawati, Jakarta",Kafe,Kopi,-,1
Ayam Bakar Wong Solo,3.7,43000,"Tebet, Jakarta",Jawa,-,-,1
Bake-a-Boo,4,43000,"Senopati, Jakarta",Kopi,Tea,Roti,1
Shihlin,3.9,45000,"Pacific Place, SCBD, Jakarta",Makanan Jalanan,Taiwanese,-,1
Takoyaki Naruto,4,45000,"Melawai, Jakarta",Jepang,-,-,1
Mie Aceh Setiabudi,3.7,45000,"Setiabudi, Jakarta",Bakmi,Aceh,-,1
Pecel Lele Lela,3.8,45000,"Tebet, Jakarta",Jawa,-,-,1
Kebab Cuy!,2.6,45000,"Mampang Prapatan, Jakarta",Kebab,-,-,1
Waroeng Aceh Kemang,3.9,45000,"Kemang, Jakarta",Aceh,-,-,1
Tepi Kopi,3.9,45000,"Pondok Indah, Jakarta",Kafe,Kopi,Tea,1
Sour Sally,4,50000,"Senayan City, Senayan, Jakarta",Desserts,-,-,1
Singapore Hainanese Chicken Rice,3.2,50000,"Senayan City, Senayan, Jakarta",Singapura,-,-,1
Kedai Kenanga,3.4,50000,"Rukan Permata Senayan, Senayan, Jakarta",Chinese,-,-,1
Fins Recipe,3,50000,"Plaza Senayan, Senayan, Jakarta",Desserts,Indonesia,-,1
Nata Cakes & Cookies,3.5,50000,"Plaza Senayan, Senayan, Jakarta",Kue & Roti,Desserts,-,1
d’Cantel,4.6,50000,"Senayan, Jakarta",Indonesia,-,-,1
Atap Rumah,3.5,50000,"Bendungan Hilir, Jakarta",Indonesia,Itali,-,1
Harlan+Holden,4,50000,"Pacific Place, SCBD, Jakarta",Kopi,Desserts,-,1
"Ayam Bakar ""Kambal""",4.2,50000,"Palmerah, Jakarta",Jawa,-,-,1
Tomaple,3.5,50000,"Sudirman, Jakarta",Kue & Roti,Kopi,-,1
Coffee Cup by Chérie,3.6,50000,"Rukan Permata Senayan, Senayan, Jakarta",Indonesia,Kopi,Tea,1
McDonald's,3.7,50000,"STC Senayan, Senayan, Jakarta",Makanan Cepat Saji,-,-,1
Re.Juve,3.4,50000,"Plaza Senayan, Senayan, Jakarta",Minuman,Jus,-,1
Kuroiwa Kafe and Bar,3.2,50000,"STC Senayan, Senayan, Jakarta",Kopi,Kafe,Jepang,1
Kedai Mamaku,3.2,50000,"Rukan Permata Senayan, Senayan, Jakarta",Indonesia,-,-,1
Warung Korea Pop,4.1,50000,"Bendungan Hilir, Jakarta",Korea,-,-,1
Bebek BKB,4.3,50000,"Bendungan Hilir, Jakarta",Indonesia,-,-,1
Waroeng Western,3.4,50000,"Palmerah, Jakarta",Asia,-,-,1
Bebek Semangat,4,50000,"Plaza Semanggi, Sudirman, Jakarta",Jawa,Indonesia,-,1
Kambing Bakar Barakah,3.3,50000,"Palmerah, Jakarta",Timur Tengah,-,-,1
Bebek Goreng H. Slamet,3.4,50000,"Bendungan Hilir, Jakarta",Jawa,Indonesia,-,1
Bilik Kopi,2.8,50000,"Sahid Sudirman Center, Sudirman, Jakarta",Kafe,Kopi,Tea,1
Sugakiya,4.1,50000,"Plaza Senayan, Senayan, Jakarta",Ramen,-,-,1
Hokkaido Baked Cheese Tart,4.3,50000,"Senayan City, Senayan, Jakarta",Desserts,Jepang,-,1
Hunan Fish Noodle,4,50000,"Plaza Senayan, Senayan, Jakarta",Chinese,-,-,1
Yoshinoya,3.6,50000,"Plaza Senayan, Senayan, Jakarta",Jepang,Makanan Cepat Saji,-,1
P&C Coffee,2.5,50000,"Senayan City, Senayan, Jakarta",Kopi,-,-,1
Green Wok,3.3,50000,"Senayan City, Senayan, Jakarta",Indonesia,-,-,1
Kopi Politik,3.5,50000,"Senayan, Jakarta",Kafe,-,-,1
Blumchen Coffee,4.1,50000,"Fairgrounds, SCBD, Jakarta",Kafe,Kopi,Tea,1
Bu Eva Spesial Sambal,3.8,50000,"Bendungan Hilir, Jakarta",Indonesia,-,-,1
Maxx Coffee,3.2,50000,"MRCCC Siloam Hospital, Sudirman, Jakarta",Kopi,Tea,Desserts,1
Kopi Kalyan,4.3,50000,"Senopati, Jakarta",Kafe,Barat,Indonesia,1
Sleepyhead Coffee,4.3,50000,"Senopati, Jakarta",Kafe,-,-,1
Publichood Coffee Shop,3.9,50000,"Equity Tower, SCBD, Jakarta",Kafe,Roti,-,1
Pecel Ramidjan,3.6,50000,"Senopati, Jakarta",Jawa,-,-,1
Marcoffee Bistro,3.3,50000,"Menara Jamsostek, Gatot Subroto, Jakarta",Kafe,Kopi,-,1
Grabba Java Kafe,4,50000,"Alamanda Tower, Cilandak, Jakarta",Indonesia,Jepang,Chinese,1
Nitro Coffee,3.8,50000,"Senopati, Jakarta",Kopi,-,-,1
Louie Coffee,3.8,50000,"Pondok Indah, Jakarta",Kafe,Kopi,Tea,1
Koko Bogana,4,50000,"Senopati, Jakarta",Jawa,-,-,1
Coffite - Quality Street Coffee,3.9,50000,"Tebet, Jakarta",Kafe,Kopi,Itali,1
MASALALU,3.9,50000,"Tebet, Jakarta",Indonesia,-,-,1
Mie Ceker Bandung,3.6,50000,"Tebet, Jakarta",Bakmi,Sunda,-,1
Kambing Babeh Dolof,4,50000,"Kemang, Jakarta",Indonesia,-,-,1
Nasi Jeruk Tanggal Tua,3.8,50000,"Fatmawati, Jakarta",Indonesia,-,-,1
House Of Sore,3.6,50000,"Tebet, Jakarta",Kafe,Kopi,-,1
Emji Coffee Bar & Space,3.4,50000,"Kuningan, Jakarta",Kopi,Tea,Desserts,1
Saung Rasa,3.7,50000,"Tebet, Jakarta",Indonesia,-,-,1
CoPaste (Coffee Pasar Tebet),3,50000,"Tebet, Jakarta",Kopi,Desserts,-,1
Cravefeine,3.8,50000,"Menara Dea, Kuningan, Jakarta",Kafe,-,-,1
Give Me Five Coffee & Burger Bar,3.7,50000,"Manggarai, Jakarta",Kopi,Burger,-,1
Warung Tohang,3.3,50000,"Tebet, Jakarta",Medan,Indonesia,-,1
Def3logie Poolside Kafe,3.6,50000,"Lebak Bulus, Jakarta",Kopi,Itali,Indonesia,1
Backyard 52C,3.8,50000,"Setiabudi, Jakarta",Makanan Jalanan,Desserts,-,1
Bunna Coffee,3.7,50000,"Senopati, Jakarta",Kopi,Kafe,-,1
D'bubbles Shisha Kafe,3.9,50000,"Tebet, Jakarta",Kopi,Arabian,Itali,1
Pittsa Lokal,3.7,50000,"Blok M, Jakarta",Pizza,-,-,1
Omio Coffee,3.7,50000,"Kemang, Jakarta",Kopi,-,-,1
Pak Ngah Kopitiam,2.9,50000,"Senopati, Jakarta",Jawa,Chinese,-,1
Dapur Mampang H. Rachmat,4.8,50000,"Mampang Prapatan, Jakarta",Indonesia,Makanan Sehat Food,-,1
betterCHOCOlatethannever,4.1,50000,"Dharmawangsa, Jakarta",Desserts,-,-,1
Martabak AA,4.2,50000,"Manggarai, Jakarta",Makanan Jalanan,Martabak,-,1
Iga Bagus,4.1,50000,"Tebet, Jakarta",Indonesia,-,-,1
Galleon Coffee,4,50000,"Kebayoran Lama, Jakarta",Kopi,Tea,Camilan,1
Kapyc Coffee,3.8,50000,"Senopati, Jakarta",Kopi,-,-,1
Sangre Kopi dan Gelato,3.6,50000,"Bintaro, Jakarta",Kafe,Ice Cream,Kopi,1
Hole in One Coffee,3.6,50000,"Cilandak, Jakarta",Kopi,Desserts,-,1
Honey Beans Coffee & Roastery,3.9,50000,"Pondok Indah, Jakarta",Tea,Camilan,Indonesia,1
Kopi Ini,2.8,50000,"Lebak Bulus, Jakarta",Kopi,Tea,-,1
Richeese Factory,3.8,50000,"Mampang Prapatan, Jakarta",Fast Food,-,-,1
Haka Dimsum Shop,4.3,50000,"Kemang, Jakarta",Dimsum,-,-,1
Warcon Warung Container,5,50000,"Cilandak, Jakarta",Kopi,Fast Food,-,1
Burgushi,3.8,50000,"Tebet, Jakarta",Jepang,-,-,1
BangiKopi,3.5,50000,"Pasar Minggu, Jakarta",Indonesia,Peranakan,Kopi,1
Bubur Ayam Sukabumi,3.4,50000,"Tebet, Jakarta",Indonesia,-,-,1
Skut Kopi,3.9,50000,"Blok M, Jakarta",Kafe,-,-,1
Roti Bakar Eddy,3.3,50000,"Pondok Indah, Jakarta",Indonesia,Bakmi,-,1
Cordelia,3.6,50000,"Kemang, Jakarta",Roti,Desserts,-,1
Teduh Coffee,3.8,50000,"Fatmawati, Jakarta",Kopi,Indonesia,-,1
RUL'S Coffee Gallery,3.8,50000,"Manggarai, Jakarta",Kopi,Desserts,-,1
Pizza Place,3.7,50000,"M Bloc Space, Senopati, Jakarta",Pizza,-,-,1
Magia Coffee,3.6,50000,"Fatmawati, Jakarta",Kopi,Beverages,Camilan,1
CengLi!,3.8,50000,"Kemang, Jakarta",Chinese,-,-,1
Martabakku Menteng,3.7,50000,"Kemang, Jakarta",Makanan Jalanan,Martabak,-,1
Kedai 3 Jari,3,50000,"Bintaro, Jakarta",Makanan Jalanan,Steak,Indonesia,1
Cwims,3.3,50000,"Lebak Bulus, Jakarta",Bakmi,-,-,1
Sumorice,3.8,53000,"Melawai, Jakarta",Jepang,-,-,1
GROM,4.3,55000,"Plaza Senayan, Senayan, Jakarta",Ice Cream,Desserts,-,1
Djournal Coffee,3.8,55000,"Senayan City, Senayan, Jakarta",Kopi,Minuman,Fusion,1
Cold Stone Creamery,3.9,55000,"Senayan City, Senayan, Jakarta",Ice Cream,Desserts,-,1
Soto Bangkong,3.9,55000,"Senayan, Jakarta",Soto,Jawa,-,1
The Coffee Bean & Tea Leaf,3.2,55000,"Senayan City, Senayan, Jakarta",Kopi,Tea,Desserts,1
Loka Padang,3.8,55000,"Sudirman Park Apartemen, Tanah Abang, Jakarta",Padang,-,-,1
Funantique Kopi,3.4,55000,"Bendungan Hilir, Jakarta",Kopi,Indonesia,Tea,1
Bakmi Kusuma,3.9,55000,"Gandaria, Jakarta",Bakmi,-,-,1
Gokana Ramen & Teppan,3.4,55000,"Bintaro Plaza, Bintaro, Jakarta",Jepang,Asia,-,1
Martabak San Fransisco,3.8,55000,"Tebet, Jakarta",Martabak,-,-,1
Java Soul Coffee,3.9,55000,"Kemang, Jakarta",Kopi,Desserts,Finger Food,1
TuBo,4,55000,"Lebak Bulus, Jakarta",Indonesia,Jepang,-,1
Kobeshi Kitchen,4.2,60000,"Senayan City, Senayan, Jakarta",Jepang,-,-,1
Ramen Ya!,3.7,60000,"Senayan City, Senayan, Jakarta",Ramen,Jepang,-,1
Starbucks Reserve,3.9,60000,"Senayan, Jakarta",Kopi,Tea,Desserts,1
J.CO Donuts & Coffee,3.9,60000,"Senayan City, Senayan, Jakarta",Desserts,Kopi,-,1
Wendy's,2.7,60000,"Senayan City, Senayan, Jakarta",Makanan Cepat Saji,Amerika,-,1
Salty Sam,3.8,60000,"fX Sudirman, Sudirman, Jakarta",Singapura,-,-,1
Tiga Wonton,5,60000,"fX Sudirman, Sudirman, Jakarta",Chinese,-,-,1
Koi Teppanyaki,3.3,60000,"Senayan City, Senayan, Jakarta",Jepang,-,-,1
Chopstix,3.2,60000,"Plaza Senayan, Senayan, Jakarta",Peranakan,Chinese,-,1
Fish Bite!,2.8,60000,"Palmerah, Jakarta",Seafood,Barat,-,1
Soto Ayam Ambengan Cak Di,4.5,60000,"SCBD, Jakarta",Soto,-,-,1
Scandinavian Coffee Shop,3.5,60000,"Sudirman, Jakarta",Kafe,Kopi,Tea,1
Marugame Udon,3.4,60000,"fX Sudirman, Sudirman, Jakarta",Jepang,-,-,1
Godiva,4,60000,"Plaza Senayan, Senayan, Jakarta",Desserts,-,-,1
Wingstop,4,60000,"Plaza Senayan, Senayan, Jakarta",Amerika,Makanan Cepat Saji,-,1
MING FA,3.9,60000,"Senayan, Jakarta",Singapura,-,-,1
Cak Tu Ci Express,5,60000,"Senayan, Jakarta",Indonesia,-,-,1
Geprek Bensu,2.6,60000,"Bendungan Hilir, Jakarta",Indonesia,-,-,1
Soto Mie & Bakso Sarodja,3.7,60000,"Bendungan Hilir, Jakarta",Jawa,-,-,1
Ayam Goreng Karawaci,3.7,60000,"Plaza Semanggi, Sudirman, Jakarta",Jawa,-,-,1
Kozi Coffee,4,60000,"Cilandak, Jakarta",Kopi,Indonesia,-,1
Warung Bakmi Mpek Tjoen,4,60000,"Gandaria, Jakarta",Asia,-,-,1
Ladang Coffee,3.9,60000,"Jagakarsa, Jakarta",Kafe,-,-,1
Ground 57 Coffee,3.6,60000,"Blok M, Jakarta",Kopi,Asia,-,1
Resto Tigapuluh,3.6,60000,"Tebet, Jakarta",Indonesia,-,-,1
Flip Burger,4,60000,"Pondok Indah Plaza 6, Pondok Indah, Jakarta",Burger,-,-,1
AL Coffee,3.2,60000,"Kemang, Jakarta",Kopi,Barat,Desserts,1
Baso Malang Karapitan,2.9,60000,"Plaza Festival, Kuningan, Jakarta",Bakso,Jawa,-,1
Bengawan's,3.7,60000,"Kebayoran Lama, Jakarta",Chinese,Indonesia,-,1
Eatlah,4.3,60000,"Blok M, Jakarta",Asia,-,-,1
Jambo Kupi,4.3,60000,"Pasar Minggu, Jakarta",Aceh,-,-,1
Emado's Shawarma,3.9,60000,"Kemang, Jakarta",Timur Tengah,-,-,1
Brouwen Coffee & Kitchen,3.6,60000,"Senopati, Jakarta",Kafe,Kopi,Asia,1
Kozy Hub,3.2,60000,"Kebayoran Lama, Jakarta",Kafe,Kopi,Finger Food,1
Bakmitopia,3.4,60000,"Senopati, Jakarta",Bakmi,-,-,1
Ruang Seduh,4.1,60000,"Kemang, Jakarta",Kopi,-,-,1
Starbucks Coffee,3.9,60000,"Lotte Shopping Avenue, Karet, Jakarta",Kopi,Tea,Desserts,1
Kunanti Kopi,4,60000,"Bintaro, Jakarta",Kafe,Kopi,Barat,1
Brew and Wood Coffee,4,60000,"Cilandak, Jakarta",Kopi,Indonesia,-,1
Ganthari Ayam Bakar,3.8,60000,"Blok M, Jakarta",Jawa,-,-,1
Portal Coffee and Travel,4,60000,"Pondok Indah, Jakarta",Kafe,Kopi,Tea,1
Hidangan by Dapur Mamih,3.7,60000,"Pondok Indah Plaza 2, Pondok indah, Jakarta",Indonesia,-,-,1
Supercup Coffee Shop,3.7,60000,"Plaza Festival, Kuningan, Jakarta",Kafe,Kopi,Dimsum,1
Warung Pringga,3.7,60000,"Bintaro, Jakarta",Jepang,Sushi,Itali,1
Baba Kassim,3.8,60000,"Mampang Prapatan, Jakarta",India Utara,-,-,1
FITDELI,3.4,60000,"Cilandak, Jakarta",Makanan Sehat Food,-,-,1
Boloo Boloo,3.5,60000,"Pasar Minggu, Jakarta",Fast Food,Jepang,-,1
Burger King,3.7,63000,"Senayan City, Senayan, Jakarta",Makanan Cepat Saji,Burger,-,1
Bakmi GM,3.7,63000,"Senayan City, Senayan, Jakarta",Bakmi,-,-,1
Carburator Springs Kafe,3.7,63000,"Bintaro, Jakarta",Barat,-,-,1
Kopi Tikum,3.7,63000,"Senopati, Jakarta",Kafe,Kopi,-,1
Bakso Lapangan Tembak Senayan,3,65000,"Senayan, Jakarta",Bakso,Indonesia,-,1
A Fung Baso Sapi Asli,3.3,65000,"Senayan City, Senayan, Jakarta",Bakso,-,-,1
Gelato Secrets,2.8,65000,"Citywalk Sudirman, Sudirman, Jakarta",Ice Cream,-,-,1
Crunchaus Salads,3.5,65000,"Plaza Senayan, Senayan, Jakarta",Makanan Sehat,-,-,1
Baskin Robbins,3.2,65000,"Senayan City, Senayan, Jakarta",Ice Cream,Desserts,-,1
Goedkoop,4.3,65000,"Bendungan Hilir, Jakarta",Kafe,Kopi,Belanda,1
Kaffeine Kline,3.8,65000,"Mampang Prapatan, Jakarta",Kopi,Indonesia,Barat,1
Chicken Run,3.7,65000,"Senopati, Jakarta",Grill,-,-,1
Sate Mak Syukur,3.6,65000,"Pasaraya Grande, Melawai, Jakarta",Satay,Padang,-,1
RBoJ Coffee,4.1,65000,"Pasar Minggu, Jakarta",Kopi,-,-,1
Coffee Life,4.1,65000,"Fatmawati, Jakarta",Kopi,Indonesia,Itali,1
Something Good,3.3,65000,"Ruko Taman Hijau, Pondok Indah, Jakarta",Indonesia,Kopi,Desserts,1
Tous Les Jours,4.1,68000,"Senayan City, Senayan, Jakarta",Kue & Roti,Kopi,Tea,1
Torico Restaurant,2.7,70000,"fX Sudirman, Sudirman, Jakarta",Sushi,Ramen,Jepang,1
Berlin Doner,4,70000,"fX Sudirman, Sudirman, Jakarta",Kebab,Makanan Cepat Saji,Turki,1
Golden Lamian,4,70000,"Senayan City, Senayan, Jakarta",Bakmi,Chinese,-,1
Kopilojik,3.8,70000,"Tebet, Jakarta",Kopi,Burger,Indonesia,1
Woodpecker Coffee,4.2,70000,"Dharmawangsa, Jakarta",Desserts,Tea,Kopi,1
FRI3NDS.CO,3.5,70000,"Blok M, Jakarta",Kopi,Indonesia,Itali,1
Mikkro Espresso,4,75000,"Senayan, Jakarta",Kopi,Kue & Roti,Asia,1
11:11,3.6,75000,"Senayan City, Senayan, Jakarta",Kopi,Tea,Desserts,1
Chill in Kafe,3.5,75000,"STC Senayan, Senayan, Jakarta",Barat,Jawa,Indonesia,1
Ya Kun Kaya Toast,3,75000,"Plaza Senayan, Senayan, Jakarta",Malaysia,-,-,1
HokBen Express,3,75000,"Plaza Senayan, Senayan, Jakarta",Makanan Cepat Saji,Jepang,-,1
Solaria,2.8,75000,"Senayan Park, Senayan, Jakarta",Indonesia,Chinese,-,1
Barapi Meat and Grill,4.1,75000,"Palmerah, Jakarta",Steak,-,-,1
Grand Chuan Tin,3.7,75000,"Pacific Place, SCBD, Jakarta",Chinese,Dimsum,-,1
Mori Express,4.7,75000,"Office 8, Senopati, Jakarta",Jepang,-,-,1
Wakacao Beef Pepper Rice,4,75000,"Palmerah, Jakarta",Indonesia,-,-,1
Café Kitsuné,2.5,75000,"SCBD, Jakarta",Indonesia,-,-,1
Hoghock,4,75000,"Citywalk Sudirman, Sudirman, Jakarta",Asia,-,-,1
K-Kitchen,3.8,75000,"Senayan City, Senayan, Jakarta",Korea,-,-,1
Warung Koffie Batavia,3.6,75000,"Senayan City, Senayan, Jakarta",Kafe,Indonesia,-,1
Old Town White Coffee,3.4,75000,"Senayan, Jakarta",Kopi,Peranakan,Asia,1
Rempah Kita,3.8,75000,"Senayan City, Senayan, Jakarta",Indonesia,-,-,1
QQ Kopitiam,3.2,75000,"Rukan Permata Senayan, Senayan, Jakarta",Peranakan,Indonesia,Desserts,1
Sawangan Resto,3.5,75000,"Senayan, Jakarta",Asia,-,-,1
SHABUKAMA,3.3,75000,"Senayan, Jakarta",Jepang,-,-,1
On Three,4.6,75000,"SCBD, Jakarta",Kafe,Desserts,Kopi,1
Kabuto Black,3.7,75000,"Pacific Place, SCBD, Jakarta",Jepang,-,-,1
Berrywell,3.5,75000,"Citywalk Sudirman, Sudirman, Jakarta",Makanan Sehat,-,-,1
U-Thai Kafe & Resto,3.6,75000,"SCBD, Jakarta",Thai,Chinese,-,1
Puput,3.7,75000,"World Trade Center 2, Sudirman, Jakarta",Chinese,Indonesia,-,1
IWS Kafe & Noodle,3.3,75000,"Pacific Place, SCBD, Jakarta",Bakmi,-,-,1
Shanghai Garden,3.8,75000,"IDX, SCBD, Jakarta",Chinese,Indonesia,-,1
Barbekyu Chicken Express,3.9,75000,"Senayan, Jakarta",Korea,-,-,1
Warung Buntut Bang Jack,3.5,75000,"Plaza Senayan, Senayan, Jakarta",Indonesia,-,-,1
Fudgy Bro,3.5,75000,"Senayan, Jakarta",Desserts,-,-,1
KFC,3.1,75000,"Senayan City, Senayan, Jakarta",Makanan Cepat Saji,Amerika,-,1
Eaton,3.3,75000,"Plaza Senayan, Senayan, Jakarta",Indonesia,Chinese,Kue & Roti,1
Waroeng Kita,2.8,75000,"Plaza Senayan, Senayan, Jakarta",Indonesia,-,-,1
Sushi King,3.2,75000,"Senayan City, Senayan, Jakarta",Jepang,Sushi,-,1
Kuppie Coffee,3.9,75000,"STC Senayan, Senayan, Jakarta",Kafe,-,-,1
The Cortado,3.8,75000,"Palmerah, Jakarta",Kafe,Kopi,Tea,1
Coteca,4,75000,"Palmerah, Jakarta",Kafe,Itali,Kopi,1
Kedai Inn,3.2,75000,"Sudirman, Jakarta",Kafe,Asia,-,1
Kopitiam,3.3,75000,"IDX, SCBD, Jakarta",Kopi,Peranakan,-,1
HokBen,3.6,75000,"Plaza Semanggi, Sudirman, Jakarta",Makanan Cepat Saji,Jepang,-,1
Walking Drums,4.3,75000,"Blok M, Jakarta",Indonesia,-,-,1
Pigeonhole Coffee,4.4,75000,"Bintaro, Jakarta",Kopi,Barat,-,1
Bakmi Tiga Marga,3.7,75000,"Kebayoran Lama, Jakarta",Bakmi,Chinese,-,1
Selawaktu Coffee,3.7,75000,"Tebet, Jakarta",Kopi,Asia,-,1
Bil's Coffee,3.8,75000,"CIBIS NINE, Cilandak, Jakarta",Kopi,Desserts,-,1
Lula Kitchen & Coffee,4,75000,"Dharmawangsa, Jakarta",Kafe,Kopi,Tea,1
Greenwood Coffee,3.9,75000,"Pondok Indah, Jakarta",Kopi,Asia,Itali,1
Commonroom Coffee,4,75000,"Fatmawati, Jakarta",Kafe,Kopi,Barat,1
X Coffee - Hotel NEO Tendean,3.2,75000,"Senopati, Jakarta",Kafe,Kopi,Tea,1
Segafredo,3.6,75000,"Kota Kasablanka, Tebet, Jakarta",Kafe,Itali,Kopi,1
Cozyfield Kafe,3.9,75000,"Pondok Indah Mall 1, Pondok Indah, Jakarta",Indonesia,Kafe,Roti,1
Griyo Kulo Resto,3.7,75000,"Jagakarsa, Jakarta",Jawa,-,-,1
Koffie Nation,3.7,75000,"Epicentrum Walk, Kuningan, Jakarta",Kafe,Indonesia,-,1
Bebek Dower,3,75000,"Plaza Festival, Kuningan, Jakarta",Indonesia,-,-,1
SIKU,4.1,75000,"Dharmawangsa, Jakarta",Desserts,Indonesia,Amerika,1
Bukan Ruang,4.2,75000,"Kemang, Jakarta",Kopi,Kafe,Indonesia,1
Sama Dengan,4.2,75000,"Kalibata City Square, Kalibata, Jakarta",Kafe,Kopi,Tea,1
Terroir Coffee & Eats,4.1,75000,"Dharmawangsa, Jakarta",Steak,Itali,Indonesia,1
LEMONDISCOFISH,4.2,75000,"Kemang, Jakarta",Kopi,Desserts,Ice Cream,1
Kerang Kiloan Pak Rudi,3.5,75000,"Blok M, Jakarta",Makanan Jalanan,Seafood,-,1
SABA,3.6,75000,"Cilandak, Jakarta",Asia,Barat,Kopi,1
Loteng,2.7,75000,"Tebet, Jakarta",Kafe,Amerika,Itali,1
Kopikina,4.1,75000,"Tebet, Jakarta",Kafe,Kopi,-,1
Ol' Pops Coffee,4.1,75000,"Bintaro, Jakarta",Kopi,Camilan,-,1
La Boheme Coffee,4.1,75000,"Setiabudi, Jakarta",Kafe,Kopi,Barat,1
Selera Meneer,4,75000,"Gandaria, Jakarta",Jawa,-,-,1
Bersahaja.id,2.2,75000,"Pondok Indah, Jakarta",Kopi,Indonesia,-,1
Homepage,4,75000,"Setiabudi, Jakarta",Kopi,Tea,Desserts,1
BRUNO Kafe in the Park,2.1,75000,"Pasar Minggu, Jakarta",Kopi,Barat,-,1
Sam's Strawberry Corner,3.9,75000,"Dharmawangsa, Jakarta",Bakmi,Jus,Indonesia,1
KOPIKOBOY,3.1,75000,"Pondok Indah, Jakarta",Indonesia,Barat,-,1
Bentala Coffee & Eatery,3.9,75000,"Bintaro, Jakarta",Asia,Roti,Kafe,1
Ikan Bakar Manado,3.7,75000,"Lebak Bulus, Jakarta",Manado,-,-,1
Kebun Ide,3.7,75000,"M Bloc Space, Senopati, Jakarta",Ice Cream,-,-,1
Ayam Goreng Suharti,3.5,75000,"Cilandak, Jakarta",Jawa,-,-,1
Dapur Javara by Javara Culture,3.9,75000,"Kemang, Jakarta",Indonesia,Jawa,Makanan Sehat Food,1
Kopikir! Coffee & TV,3.1,75000,"Kemang, Jakarta",Kafe,Kopi,-,1
Pecel Pincuk Godong Ijo,3.7,75000,"Bintaro, Jakarta",Jawa,-,-,1
G'litik Indonesia Eatery,3.5,75000,"Senopati, Jakarta",Indonesia,-,-,1
Maem,2.5,75000,"Cilandak, Jakarta",Indonesia,Makanan Jalanan,-,1
Plante Coffee and Plants,3.4,75000,"Pondok Indah, Jakarta",Kafe,Kopi,Desserts,1
Kedai Disto,2.9,75000,"Fatmawati, Jakarta",Seafood,-,-,1
Lawless Burgerbar,4.7,75000,"Kemang, Jakarta",Burger,-,-,1
Gordi HQ,4.3,75000,"Cilandak, Jakarta",Kopi,-,-,1
Fillmore Coffee,4.4,75000,"Setiabudi, Jakarta",Kafe,-,-,1
Warung Pasta,4,75000,"Kemang, Jakarta",Asia,Itali,-,1
Fish Streat,4.2,75000,"Pondok Indah, Jakarta",Seafood,Barat,-,1
Smarapura,4.3,75000,"Tebet, Jakarta",Bali,Indonesia,-,1
Ciknic Roast Chicken,4.5,75000,"Ruko Dharmawangsa Square, Dharmawangsa, Jakarta",Barat,-,-,1
Akasya Express,4.5,75000,"Kemang, Jakarta",Jawa,Indonesia,-,1
Martabak Boss,3.6,75000,"Tebet, Jakarta",Martabak,Makanan Jalanan,-,1
Popmeat Warung Steak,3.4,75000,"Tebet, Jakarta",Grill,-,-,1
Opiopio Kafe & Lounge,4,75000,"Pondok Indah, Jakarta",Asia,Kafe,Barat,1
Selow The Barbekyu Artisans,4.1,75000,"Lebak Bulus, Jakarta",Asia,Barbekyu,-,1
Kopi Kitchen,3.6,75000,"Kemang Village, Kemang, Jakarta",Kafe,-,-,1
Mood Wellness Studio and Kitchen,3.8,75000,"Kemang, Jakarta",Kafe,Barat,Makanan Sehat Food,1
Lokal Deli Coffee and Cakes,3.7,75000,"Como Park, Kemang, Jakarta",Kafe,Desserts,-,1
Sallo Innyan Restaurant,3.6,75000,"Tebet, Jakarta",Seafood,Beverages,Kalimantan,1
Belly Bandit,3.9,75000,"Bintaro, Jakarta",Amerika,Burger,-,1
Kiasan Coffee,3.3,75000,"Kemang, Jakarta",Barat,Kafe,Kopi,1
BarBurger,3.8,75000,"Ampera Garden, Cilandak, Jakarta",Burger,Barat,-,1
Raja's Coffee,3.5,75000,"Menara Bidakara, Gatot Subroto, Jakarta",Kopi,Indonesia,Barat,1
Bean Me Up,3.8,75000,"Equity Tower, SCBD, Jakarta",Barat,Indonesia,Kopi,1
Canary Coffee Shop - Aston Priority Simatupang,3.5,75000,"Aston Priority Simatupang, Cilandak, Jakarta",Kopi,-,-,1
Netijen Kafe,3.3,75000,"Jagakarsa, Jakarta",Kafe,-,-,1
Jack/Rose,4.6,75000,"Dharmawangsa, Jakarta",Kafe,Kopi,-,1
Busy Beans,2.9,75000,"Dharmawangsa, Jakarta",Kopi,Camilan,Indonesia,1
Johnny Rockets,3.1,80000,"Sahid Sudirman Center, Sudirman, Jakarta",Burger,Amerika,-,1
Maxx Corner,3.9,80000,"Plaza Semanggi, Sudirman, Jakarta",Kopi,Tea,Itali,1
Chatter Box,3.9,80000,"Plaza Senayan, Senayan, Jakarta",Peranakan,Chinese,Barat,1
Monocle Coffee,4.1,80000,"Senayan, Jakarta",Kopi,Makanan Sehat,Barat,1
Restoran Sederhana,3.3,80000,"Senayan, Jakarta",Padang,Indonesia,-,1
Stack,3.2,80000,"Senopati, Jakarta",Barat,-,-,1
7 Speed Coffee,4.3,80000,"Kemang, Jakarta",Kopi,Itali,Desserts,1
3K Coffee,4.3,80000,"Kemang, Jakarta",Kafe,-,-,1
You Coffee and Resto,4.3,80000,"Jagakarsa, Jakarta",Kopi,Indonesia,Barat,1
Kopi Boutique,4.1,80000,"Fatmawati, Jakarta",Kopi,Camilan,-,1
Oeang Restaurant Roastery and Bar,3.6,80000,"M Bloc Space, Senopati, Jakarta",Asia,Barat,Kopi,1
Titik Temu Coffee,3.8,80000,"M Bloc Space, Senopati, Jakarta",Kopi,Desserts,-,1
Domino's Pizza,3.6,80000,"Kemang, Jakarta",Pizza,Fast Food,-,1
Pandaloka,3.7,80000,"Menara BTPN, Kuningan, Jakarta",Chinese,Fast Food,-,1
Minimal Coffee and Space,3.8,80000,"Kemang, Jakarta",Kopi,Tea,Asia,1
Kopi Buntu,3.5,80000,"Tebet, Jakarta",Kafe,-,-,1
Kaca Coffee & Eatery,3.9,85000,"Bendungan Hilir, Jakarta",Kopi,Indonesia,-,1
Kopi Nalar,4.4,85000,"Senopati, Jakarta",Kopi,Barat,-,1
Waroeng Solo,4.1,85000,"Joglo @ Kemang, CIlandak, Jakarta",Jawa,-,-,1
Mang Kabayan,3.9,85000,"Bintaro, Jakarta",Sunda,-,-,1
Lembur Kuring Bibet,3.6,85000,"Cilandak, Jakarta",Seafood,Camilan,Sunda,1
Warung MJS,4.5,85000,"Setiabudi, Jakarta",Jawa,Indonesia,-,1
Eighty-Eight Workspace,2.5,85000,"Fatmawati, Jakarta",Asia,Barat,-,1
Nom Nom Nom,4.3,85000,"Bona Indah Business Center, Lebak Bulus, Jakarta",Kafe,Barat,Asia,1
ShishaBar Kemang,4,85000,"Kemang, Jakarta",Makanan Jalanan,Indonesia,-,1
Kedai H. Asari,3.8,85000,"Jagakarsa, Jakarta",Betawi,Jawa,Soto,1
Carl's Jr.,3.3,90000,"Plaza Senayan, Senayan, Jakarta",Burger,Makanan Cepat Saji,-,1
Negiya Express,4.3,90000,"Citywalk Sudirman, Sudirman, Jakarta",Jepang,-,-,1
Ikkudo Ichi,4.2,90000,"Pacific Place, SCBD, Jakarta",Ramen,Jepang,-,1
Little India Restaurant,3.6,90000,"Citywalk Sudirman, Sudirman, Jakarta",India,-,-,1
Doma Dona Coffee,4.2,90000,"Dharmawangsa, Jakarta",Kopi,Asia,Itali,1
Yamalu,4.2,90000,"Bintaro, Jakarta",Kopi,Tea,Itali,1
Up All Might,3.7,90000,"Kemang, Jakarta",Kopi,Barat,-,1
Nona Manis,4,90000,"Kemang Village, Kemang, Jakarta",Jawa,Indonesia,Barat,1
Antasore,3.6,90000,"Fatmawati, Jakarta",Jepang,-,-,1
Alenia Papua Coffee & Kitchen,4,90000,"Kemang, Jakarta",Kopi,Indonesia,-,1
Dapur Solo,3.9,90000,"Dharmawangsa, Jakarta",Jawa,-,-,1
Salapan Noodle,3.7,90000,"Fatmawati, Jakarta",Indonesia,Bakmi,-,1
Frescoristo,3.9,95000,"Pondok Indah, Jakarta",Itali,Kafe,-,1
Restoran Beautika Manado,4.5,100000,"Senayan, Jakarta",Manado,Indonesia,-,1
Abura Soba Yamatoten,4.3,100000,"Senayan City, Senayan, Jakarta",Jepang,-,-,1
Taichan,4.2,100000,"Plaza Senayan, Senayan, Jakarta",Jepang,Sushi,-,1
Papa Ron's Pizza,3.7,100000,"Senayan, Jakarta",Pizza,Itali,-,1
The People's Kafe,3.9,100000,"Senayan City, Senayan, Jakarta",Itali,Indonesia,Tea,1
O' Coffee Club,3,100000,"Plaza Senayan, Senayan, Jakarta",Indonesia,Barat,Cemilan,1
SO PHO Vietnamese Kafe,2.8,100000,"Plaza Senayan, Senayan, Jakarta",Vietnam,-,-,1
Tamani Express,3.3,100000,"Plaza Senayan, Senayan, Jakarta",Jawa,Indonesia,Barat,1
Ta Wan,3.8,100000,"Plaza Senayan, Senayan, Jakarta",Chinese,-,-,1
Mr. Bitsy,3.6,100000,"Fairgrounds, SCBD, Jakarta",Asia,-,-,1
Wee Nam Kee,4.2,100000,"Pacific Place, SCBD, Jakarta",Chinese,-,-,1
Ristorante Misticanza,2.9,100000,"Sudirman, Jakarta",Pizza,Itali,Asia,1
Restaurant Sarang Oci,3,100000,"Sudirman, Jakarta",Manado,Indonesia,-,1
Jade Kitchen,3.9,100000,"Pacific Place, SCBD, Jakarta",Chinese,Dimsum,-,1
The Halal Guys,4,100000,"Senayan City, Senayan, Jakarta",Timur Tengah,-,-,1
Zenbu,4.1,100000,"Senayan City, Senayan, Jakarta",Sushi,Ramen,Jepang,1
Pepper Lunch,4,100000,"Plaza Senayan, Senayan, Jakarta",Jepang,-,-,1
Blacklisted,4,100000,"Rukan Permata Senayan, Senayan, Jakarta",Kopi,Tea,Itali,1
Sedjuk Bakmi & Kopi,4.2,100000,"SCBD, Jakarta",Bakmi,Kopi,-,1
Kimukatsu,4.4,100000,"Pacific Place, SCBD, Jakarta",Jepang,-,-,1
Liberta,3.9,100000,"Apartemen Pavilion, Sudirman, Jakarta",Itali,-,-,1
Giggle Box Kafe & Resto,3.9,100000,"Plaza Semanggi, Sudirman, Jakarta",Indonesia,Barat,-,1
Fukumimi,4,100000,"Citywalk Sudirman, Sudirman, Jakarta",Jepang,Sushi,-,1
Mujigae,4,100000,"fX Sudirman, Sudirman, Jakarta",Korea,-,-,1
Dapoer Aceh Melayu,3.8,100000,"Plaza Sentral, Sudirman, Jakarta",Indonesia,Peranakan,Aceh,1
Restongalam,3.4,100000,"fX Sudirman, Sudirman, Jakarta",Jawa,Sunda,-,1
Udonku,3.6,100000,"Mid Plaza 1, Sudirman, Jakarta",Jepang,-,-,1
Siam Square,3.3,100000,"IDX, SCBD, Jakarta",Thai,-,-,1
Hakata Ikkousha,4.4,100000,"Senayan City, Senayan, Jakarta",Jepang,Ramen,-,1
Fit Gourmet Express,3.5,100000,"Senayan, Jakarta",Makanan Sehat,Fusion,-,1
Yokunatta,3,100000,"Rukan Permata Senayan, Senayan, Jakarta",Jepang,Sushi,-,1
Kyochon,4.1,100000,"Pacific Place, SCBD, Jakarta",Korea,-,-,1
Limu Poke,4,100000,"Pacific Place, SCBD, Jakarta",Makanan Sehat,-,-,1
Koiki Japanese Eatery,4,100000,"SCBD, Jakarta",Jepang,-,-,1
Taliwang Bali,4,100000,"Pacific Place, SCBD, Jakarta",Bali,Lombok,Indonesia,1
Marco by Chef Marco Lim,3.9,100000,"Pacific Place, SCBD, Jakarta",Padang,-,-,1
Ichiban Sushi,3.1,100000,"fX Sudirman, Sudirman, Jakarta",Sushi,Ramen,Jepang,1
Madam Sichuan,3.4,100000,"Citywalk Sudirman, Sudirman, Jakarta",Chinese,-,-,1
Platinum,2.7,100000,"Plaza Semanggi, Sudirman, Jakarta",Barat,Indonesia,-,1
Bakmi Berdikari,4.1,100000,"Tebet, Jakarta",Bakmi,Chinese,Indonesia,1
Antipodean,4.2,100000,"Hero Kemang, Kemang, Jakarta",Kopi,Barat,Asia,1
Manse Korea Grill,3.7,100000,"Tebet, Jakarta",Korea,Grill,-,1
Convivium Kafe Deli,4.2,100000,"Dharmawangsa, Jakarta",Barat,Desserts,-,1
Jag's Kitchen,4.4,100000,"Jagakarsa, Jakarta",Barat,Asia,-,1
Eatz,4.1,100000,"Pondok Indah, Jakarta",Arabian,India,Mediterranean,1
TRS,3.9,100000,"Cilandak Town Square, Fatmawati, Jakarta",Asia,Eropa,Barat,1
TanSu,3.7,100000,"Fatmawati, Jakarta",Indonesia,-,-,1
Bakoel Bebek,4,100000,"Mampang Prapatan, Jakarta",Jawa,Indonesia,-,1
Segoan The Dancing Rice,3.9,100000,"Blok M, Jakarta",Jawa,Indonesia,-,1
Mandaga' Canteen,3.9,100000,"Grand Wijaya Center, Dharmawangsa, Jakarta",Jawa,Padang,Betawi,1
Nampan Bistro,3.8,100000,"Pasar Minggu, Jakarta",Itali,Asia,Barat,1
Sakabe Buffet,3.9,100000,"Tebet, Jakarta",Jepang,Grill,-,1
Do An,3.7,100000,"Epicentrum Walk, Kuningan, Jakarta",Vietnam,-,-,1
Tamarind & Lime,3.9,100000,"Senopati, Jakarta",Asia,-,-,1
90 Bun Barbekyu House AYCE,3.8,100000,"Pasar Minggu, Jakarta",Barbekyu,-,-,1
Wyl's Kitchen - Veranda Hotel At Pakubuwono,4.2,100000,"Veranda Hotel At Pakubuwono, Gandaria, Jakarta",Indonesia,-,-,1
Piknik - Arif Inn,4.3,100000,"Lebak Bulus, Jakarta",Barat,-,-,1
Egghotel,4,100000,"Setiabudi, Jakarta",Asia,Australian,Barat,1
D'Crystal Terrace,3.2,100000,"Plaza Oleos, Cilandak, Jakarta",Barat,Asia,-,1
Balakenam Dapoer Rakjat,3.8,100000,"Tebet, Jakarta",Indonesia,-,-,1
Papoea by Nature,3.8,100000,"Blok M, Jakarta",Indonesia,-,-,1
ORO Italian Restaurant & Lounge,3.5,100000,"Kemang, Jakarta",Itali,Amerika,Arabian,1
Oh My Grill,3.8,100000,"Kemang, Jakarta",Jepang,Barbekyu,-,1
Te Ti Ba Coffeebar,3.3,100000,"Melawai, Jakarta",Kopi,-,-,1
7AM Coffee,3.8,100000,"Fatmawati, Jakarta",Kopi,Barat,Indonesia,1
Anomali Coffee,2.8,100000,"Pondok Indah Plaza 6, Pondok Indah, Jakarta",Kopi,Indonesia,Barat,1
Thirsty & Hungry,3.9,100000,"Kemang, Jakarta",Burger,Barat,-,1
Omah Pawon,3.1,100000,"Cilandak, Jakarta",Jawa,-,-,1
Sophie Authentique,4.2,100000,"Fatmawati, Jakarta",French,Kopi,Desserts,1
Taco Local,4.2,100000,"Pelaspas Dharmawangsa, Dharmawangsa, Jakarta",Mexican,-,-,1
SRSLY Coffee,4.3,100000,"Fatmawati, Jakarta",Kopi,Barat,Itali,1
Dim Sum Inc.,3.9,100000,"Plaza Festival, Kuningan, Jakarta",Dimsum,Chinese,-,1
Kamakura Japanese Kafe,4.1,100000,"Fatmawati, Jakarta",Kafe,Jepang,Desserts,1
Teratai Restaurant - GP Mega Kuningan Hotel,2.5,100000,"Best Western Hotel, Kuningan, Jakarta",Indonesia,Barat,Eropa,1
Dea Kafe,3.6,100000,"Menara Dea, Kuningan, Jakarta",Barat,Indonesia,-,1
Race2Run Kafe,2.9,100000,"Gatot Subroto, Jakarta",Asia,Barat,-,1
Bueno Nasio,3.7,100000,"Menara BTPN, Kuningan, Jakarta",Indonesia,-,-,1
Ruma Coffeeatery,3.9,100000,"Senopati, Jakarta",Indonesia,Kopi,-,1
Caffe Bene,3.7,100000,"Menara Rajawali, Kuningan, Jakarta",Kafe,Desserts,Kopi,1
Kambing Bakar Cairo,4.1,100000,"Melawai, Jakarta",Timur Tengah,-,-,1
Playaround Coffee & Kitchen,3.9,100000,"Bintaro, Jakarta",Kafe,Kopi,Indonesia,1
PappaRich,3.5,100000,"Kemang Village, Kemang, Jakarta",Malaysia,-,-,1
Raa Cha,3.9,100000,"Pejaten Village, Pasar Minggu, Jakarta",Thai,Barbekyu,-,1
Wangja,3.5,100000,"Tebet, Jakarta",Korea,-,-,1
Warung Tekko,2.8,100000,"Plaza Festival, Kuningan, Jakarta",Indonesia,-,-,1
WE I Eatery & Drinkery,3.2,100000,"South Quarter, Lebak Bulus, Jakarta",Jepang,-,-,1
Toodz House,3.7,100000,"Lebak Bulus, Jakarta",Kopi,Itali,Asia,1
Trafique Coffee,4.3,105000,"Senayan, Jakarta",Kafe,-,-,2
Colette & Lola,4.5,105000,"Senopati, Jakarta",Desserts,Itali,Barat,2
Apero,3.2,110000,"Citywalk Sudirman, Sudirman, Jakarta",Itali,Barat,-,2
The Real Holysteak!,3.9,110000,"Senayan City, Senayan, Jakarta",Steak,Grill House,-,2
Thai Street,4.1,110000,"Plaza Senayan, Senayan, Jakarta",Thai,-,-,2
Gunung Mas,3.3,110000,"Energy Building, SCBD, Jakarta",Chinese,Indonesia,-,2
HONU PokÃ© & Matcha Bar,4.7,110000,"Kemang, Jakarta",Jepang,Tea,Beverages,2
Daging Laut,2.1,110000,"Fatmawati, Jakarta",Grill,Seafood,-,2
Excelso,3.2,115000,"Senayan City, Senayan, Jakarta",Kopi,Amerika,Indonesia,2
Pho 24,3.3,115000,"Senayan City, Senayan, Jakarta",Vietnam,-,-,2
Bari-Uma Ramen,4.3,115000,"Citywalk Sudirman, Sudirman, Jakarta",Ramen,Jepang,-,2
Warung Leko,3.3,115000,"Citywalk Sudirman, Sudirman, Jakarta",Jawa,Indonesia,-,2
Tokyo Skipjack,4.3,120000,"Blok M, Jakarta",Jepang,Steak,-,2
Haikara Sushi,3.8,120000,"Melawai, Jakarta",Jepang,Sushi,Ramen,2
BAE,4.1,125000,"Senayan City, Senayan, Jakarta",Asia,Barat,Cemilan,2
Commond Grounds,3.6,125000,"Senayan City, Senayan, Jakarta",Kopi,Barat,Itali,2
Lekker Djakarta,3.3,125000,"Senayan, Jakarta",Indonesia,Kopi,Tea,2
Yongdaeri Korea Barbekyu,4.3,125000,"SCBD, Jakarta",Barbekyu,Korea,Grill House,2
Tori Ya,3.4,125000,"Fairgrounds, SCBD, Jakarta",Jepang,-,-,2
miu Ishinabe,3.9,125000,"Summitmas Tower, SCBD, Jakarta",Jepang,-,-,2
Batik Kuring,3.3,125000,"SCBD, Jakarta",Seafood,Indonesia,-,2
Kin No Taki,2.9,125000,"Plaza Semanggi, Sudirman, Jakarta",Jepang,Ramen,Sushi,2
Pizza Hut,3.3,125000,"Bendungan Hilir, Jakarta",Pizza,Amerika,-,2
Fish & Chips Threehouse,3.8,125000,"Bendungan Hilir, Jakarta",Barat,-,-,2
Genki Sushi,3.1,125000,"Plaza Senayan, Senayan, Jakarta",Jepang,Sushi,-,2
SaladStop!,4.5,125000,"Senayan City, Senayan, Jakarta",Makanan Sehat,-,-,2
Osaka Ohsho,4.1,125000,"Plaza Senayan, Senayan, Jakarta",Jepang,-,-,2
Penang Bistro,4.3,125000,"Senayan, Jakarta",Peranakan,Malaysia,-,2
Nudles,3.7,125000,"Senayan City, Senayan, Jakarta",Asia,-,-,2
Restoran Pulau Dua,3.3,125000,"Senayan, Jakarta",Seafood,Chinese,-,2
Pesto Autentico,3.8,125000,"Senayan City, Senayan, Jakarta",Itali,Barat,-,2
Ootoya,3.3,125000,"Senayan City, Senayan, Jakarta",Jepang,Sushi,-,2
Gopek House,2.5,125000,"Senayan, Jakarta",Peranakan,Indonesia,-,2
Mottomoo,4.3,125000,"Pacific Place, SCBD, Jakarta",Jepang,-,-,2
Ippudo,4.5,125000,"Pacific Place, SCBD, Jakarta",Jepang,Ramen,-,2
Go! Curry,4,125000,"Pacific Place, SCBD, Jakarta",Thai,Jepang,India,2
Seia,4,125000,"Sudirman, Jakarta",Indonesia,-,-,2
Busaba A Thai Kafe,4,125000,"Pacific Place, SCBD, Jakarta",Thai,-,-,2
Hakata N Izakaya Gyo Gyo Gyo,3.9,125000,"Sudirman, Jakarta",Jepang,-,-,2
Noodle King,4,125000,"Blossoms Building, SCBD, Jakarta",Korea,-,-,2
Bunga Rempah,3.3,125000,"Bendungan Hilir, Jakarta",Indonesia,-,-,2
Marutama Ra-men,4.7,125000,"Sentral Senayan 1, Senayan, Jakarta",Ramen,Jepang,-,2
Bakerzin,4.2,125000,"Plaza Senayan, Senayan, Jakarta",Barat,Itali,Kue & Roti,2
The Pancake Co. By Dore,4.1,125000,"Plaza Senayan, Senayan, Jakarta",Jepang,-,-,2
Denny's,3.5,125000,"Senayan City, Senayan, Jakarta",Amerika,Kopi,-,2
Jittlada Restaurant,4.2,125000,"Senayan City, Senayan, Jakarta",Thai,-,-,2
Dapoer Podjok,2.6,125000,"Senayan City, Senayan, Jakarta",Jawa,Sunda,-,2
Ganesha Ek Sanskriti,4.5,125000,"Gedung BRI - Center Park, Bendungan Hilir, Jakarta",India Utara,India Selatan,India,2
Meatman Nikuo,4.2,125000,"Summitmas Tower, SCBD, Jakarta",Jepang,-,-,2
Burgreens,4.4,125000,"Pacific Place, SCBD, Jakarta",Makanan Sehat,Barat,Indonesia,2
Upstairs Rooftop Kafe,3.9,125000,"Bendungan Hilir, Jakarta",Indonesia,Barat,-,2
Tanamera Coffee Roastery,4.1,125000,"Pacific Place, SCBD, Jakarta",Kopi,Asia,Barat,2
Fedwell,4.2,125000,"Citywalk Sudirman, Sudirman, Jakarta",Makanan Sehat,-,-,2
Imperial Kitchen & Dimsum,3.9,125000,"Citywalk Sudirman, Sudirman, Jakarta",Dimsum,Chinese,-,2
Yesuljib Korea Kitchen and Bar,3.7,125000,"SCBD, Jakarta",Korea,-,-,2
Echigoya Ramen,3.8,125000,"Citywalk Sudirman, Sudirman, Jakarta",Ramen,Jepang,-,2
MOS Kafe,3.8,125000,"Summitmas Tower, SCBD, Jakarta",Burger,Jepang,-,2
Grains Of Glory,3.7,125000,"World Trade Center 5, Sudirman, Jakarta",Makanan Sehat,Kopi,Barat,2
HARRIS Kafe - Harris Suites fX Sudirman,3.6,125000,"fX Sudirman, Sudirman, Jakarta",Indonesia,Barat,-,2
Hatchi,4,125000,"Pondok Indah Plaza 2, Pondok indah, Jakarta",Asia,-,-,2
Rooftop at Bulungan,3.8,125000,"Blok M, Jakarta",Barat,Indonesia,-,2
LOF Kitchen and Plants,4.4,125000,"Fatmawati, Jakarta",Barat,Itali,Indonesia,2
Cyclo Coffee,3.7,125000,"Crumble Crew, Senopati, Jakarta",Kopi,Tea,Barat,2
Cazbar,3.7,125000,"Menara Anugrah, Kuningan, Jakarta",Barat,Asia,-,2
Star Dimsum,3.7,125000,"Mitra Terrace, Gatot Subroto, Jakarta",Chinese,-,-,2
Sky Garden Kafe,4.2,125000,"Setiabudi, Jakarta",Asia,Barat,-,2
Gerilya Coffee & Roastery,4.2,125000,"Fatmawati, Jakarta",Kopi,Barat,Itali,2
2madison Eatery,4.1,125000,"Kemang, Jakarta",Barat,Kafe,-,2
Andakar,4.1,125000,"Cilandak, Jakarta",Steak,Grill,-,2
The Kyfie Kitchen,2.9,125000,"Tebet, Jakarta",Itali,Pizza,-,2
Pondok Sedap Malam,2.5,125000,"Senopati, Jakarta",Seafood,-,-,2
Crematology Coffee Roasters,4.2,125000,"Senopati, Jakarta",Kopi,Itali,Barat,2
The Fifth,3.4,125000,"Kemang, Jakarta",Asia,Eropa,-,2
Kyuri,4.1,125000,"Senopati, Jakarta",Jepang,Makanan Sehat Food,Beverages,2
Kerang Kiloan Cipete,4,125000,"Fatmawati, Jakarta",Seafood,-,-,2
Sakura Tei,4.1,125000,"Gedung Kamome, Melawai, Jakarta",Jepang,Barbekyu,-,2
Social Corner Steakhouse,3.8,125000,"Bintaro, Jakarta",Steak,-,-,2
Bros Burgers & Beers,3.7,125000,"Kemang, Jakarta",Burger,-,-,2
Coco Ichibanya Curry,4.1,130000,"Plaza Senayan, Senayan, Jakarta",Jepang,-,-,2
Soeryo Kafe & Steak,4.4,135000,"Pasar Minggu, Jakarta",Itali,Asia,Steak,2
Gubug Makan Mang Engking,4.1,135000,"Universitas Indonesia, Beji, Jakarta",Seafood,Sunda,-,2
Lewis & Carroll Tea,4.2,140000,"Senayan City, Senayan, Jakarta",Kafe,Tea,Kopi,2
Pizza Marzano,4.3,140000,"Senayan City, Senayan, Jakarta",Pizza,Itali,-,2
monViet,4,140000,"fX Sudirman, Sudirman, Jakarta",Vietnam,-,-,2
Palmier,4.1,140000,"Plaza Senayan, Senayan, Jakarta",Jepang,Indonesia,-,2
I - ta Suki,2.2,140000,"Senayan City, Senayan, Jakarta",Jepang,-,-,2
Leaf Connoisseur by Tea Et Al,3.4,140000,"Pacific Place, SCBD, Jakarta",Barat,Kafe,-,2
Nishi Azabu Yukashi,3.2,140000,"Ratu Plaza, Sudirman, Jakarta",Jepang,-,-,2
Sushi Tei,4.4,140000,"Senayan City, Senayan, Jakarta",Jepang,-,-,2
Sate Khas Senayan,3.1,140000,"Senayan, Jakarta",Satay,Indonesia,-,2
Larazeta Restaurant & Gallery,4,140000,"Tebet, Jakarta",Arabian,Timur Tengah,-,2
Kafe Thirty Three by Mirasari,4.1,140000,"Kemang, Jakarta",Kopi,Itali,Barat,2
Remboelan,4.4,150000,"Plaza Senayan, Senayan, Jakarta",Indonesia,-,-,2
Kamadoya Nizaemon - Century Park Hotel,4.1,150000,"Century Park Hotel, Senayan, Jakarta",Jepang,-,-,2
Prohibition Chophouse & Speakeasy Bar,4.5,150000,"Plaza Senayan Arcadia, Senayan, Jakarta",Amerika,Asia,-,2
Zhuma,4.2,150000,"Senayan City, Senayan, Jakarta",Jepang,Sushi,Ramen,2
The Duck King,4.2,150000,"Senayan City, Senayan, Jakarta",Chinese,-,-,2
Han Gang,3.8,150000,"Senayan City, Senayan, Jakarta",Korea,-,-,2
Kafe Du Jour,3.2,150000,"The MAJ Senayan, Senayan, Jakarta",Perancis,Barat,-,2
Fogo,4.2,150000,"Intiland Tower, Sudirman, Jakarta",Barbekyu,Amerika Latin,-,2
Beer Garden,4.1,150000,"SCBD, Jakarta",Itali,Barat,-,2
Tontoki,4.5,150000,"Mid Plaza 1, Sudirman, Jakarta",Jepang,-,-,2
Mr. Park,4.2,150000,"SCBD, Jakarta",Korea,-,-,2
NAKA NAKAYA,4.7,150000,"STC Senayan, Senayan, Jakarta",Jepang,Sushi,-,2
Putu Made,4.3,150000,"Senayan City, Senayan, Jakarta",Bali,-,-,2
Hoshino Coffee,3.9,150000,"Senayan City, Senayan, Jakarta",Kafe,Kopi,-,2
The Terrace,3.5,150000,"Senayan National Golf Club, Senayan, Jakarta",Asia,Grill House,-,2
Kafe De Burse,4.1,150000,"Equity Tower, SCBD, Jakarta",Barat,Itali,-,2
Little Sheep Hot Pot Mongolian Restaurant,4.1,150000,"Gedung BRI - Center Park, Bendungan Hilir, Jakarta",Mongolia,Chinese,-,2
Kushimusubi Sachi,3.9,150000,"Citywalk Sudirman, Sudirman, Jakarta",Jepang,-,-,2
Sop Buntut Bogor,4.1,150000,"Pacific Place, SCBD, Jakarta",Jawa,Indonesia,-,2
Pand'or,4,150000,"Energy Building, SCBD, Jakarta",Jepang,Perancis,Itali,2
Yakiniku One,3.4,150000,"Fairgrounds, SCBD, Jakarta",Jepang,-,-,2
Bebek Tepi Sawah,3.5,150000,"Citywalk Sudirman, Sudirman, Jakarta",Bali,Indonesia,Seafood,2
Plan B,4.3,150000,"Rukan Permata Senayan, Senayan, Jakarta",Spanyol,-,-,2
Kushi-Yaki Umena-Dori,4.2,150000,"Sentral Senayan 1, Senayan, Jakarta",Jepang,-,-,2
Tesate,4.1,150000,"Plaza Senayan, Senayan, Jakarta",Satay,Indonesia,-,2
Kafe Betawi,2.2,150000,"Senayan City, Senayan, Jakarta",Betawi,Soto,-,2
Tom Tom,4.4,150000,"Pacific Place, SCBD, Jakarta",Thai,-,-,2
Thai Alley,4.1,150000,"Pacific Place, SCBD, Jakarta",Thai,-,-,2
Kinokawa,4,150000,"Fairgrounds, SCBD, Jakarta",Jepang,Sushi,-,2
Fook Yew,3.9,150000,"Pacific Place, SCBD, Jakarta",Chinese,Bubble Tea,Minuman,2
Dubu Jib,3.7,150000,"Citywalk Sudirman, Sudirman, Jakarta",Korea,-,-,2
Planta Kitchen,3.8,150000,"Sudirman, Jakarta",Indonesia,Mediterania,-,2
Peach Garden,2.8,150000,"MRCCC Siloam Hospital, Sudirman, Jakarta",Chinese,-,-,2
Sumibi Japanese Restaurant,4,150000,"Gandaria, Jakarta",Jepang,-,-,2
Lobbyn Sky Terrace - Liberta Hotel,3.7,150000,"Kemang, Jakarta",Indonesia,Itali,Barat,2
Cut The Crab,4.2,150000,"Senopati, Jakarta",Seafood,-,-,2
Stark Taproom,3.9,150000,"SCBD, Jakarta",Dimsum,-,-,2
Swiss Kafe - Swiss-Belhotel Pondok Indah,3.8,150000,"Swiss-Belhotel Pondok Indah, Pondok Indah, Jakarta",Jepang,Barat,-,2
Cortado Coffee Bar,3.6,150000,"Blok M, Jakarta",Kafe,Itali,Indonesia,2
Brew & Co,3.5,150000,"Cilandak Town Square, Fatmawati, Jakarta",Indonesia,Kopi,Itali,2
FJ Grill,3.7,150000,"Kemang Village, Kemang, Jakarta",Grill,Korea,Jepang,2
Rooftop Bar Kuretake - Hotel Kuretakeso,3.7,150000,"Kemang, Jakarta",Jepang,Beverages,-,2
Cutt & Grill,4.3,150000,"Tebet, Jakarta",Grill,Burger,Steak,2
Koi Kemang,4.3,150000,"Kemang, Jakarta",Asia,Grill,Itali,2
Soulfood,4.2,150000,"Senopati, Jakarta",Indonesia,Barat,-,2
Saigon Kafe,4.1,150000,"Gran Rubina Business Park, Kuningan, Jakarta",Vietnam,Makanan Sehat Food,-,2
Bambaiya Kafe,4.1,150000,"South Quarter, Lebak Bulus, Jakarta",India,-,-,2
Koh E-Noor,4,150000,"Plaza Festival, Kuningan, Jakarta",India Utara,India,-,2
Kafe One,3.6,150000,"Wyndham Casablanca Jakarta, Tebet, Jakarta",Asia,Barat,-,2
Savannah Bistro,3.9,150000,"Blok M, Jakarta",Kopi,Asia,Barat,2
Delico,2.9,150000,"Summitmas Tower, SCBD, Jakarta",Barat,Asia,Itali,2
Eastern Promise,4,150000,"Kemang, Jakarta",India Utara,India,Barat,2
Cerita Rasa Restaurant,3.8,150000,"Cilandak, Jakarta",Indonesia,-,-,2
Fish & Co.,4.3,165000,"Pacific Place, SCBD, Jakarta",Seafood,Mediterania,-,2
Haagen Dazs,4.1,165000,"Plaza Senayan, Senayan, Jakarta",Desserts,Ice Cream,-,2
Katsutoku,4.8,175000,"Sentral Senayan 1, Senayan, Jakarta",Jepang,-,-,2
Kokonut & Curtains,4.3,175000,"Senayan, Jakarta",Kafe,Barat,Indonesia,2
Yakiniku Esina Garden,4.2,175000,"Plaza Senayan, Senayan, Jakarta",Jepang,Korea,-,2
Devon Kafe,4.1,175000,"Senayan City, Senayan, Jakarta",Kafe,Kopi,Barat,2
Chandara,4.2,175000,"Plaza Senayan, Senayan, Jakarta",Thai,-,-,2
Roemah Rempah,4.1,175000,"Plaza Senayan, Senayan, Jakarta",Jawa,Indonesia,-,2
Hokkaido Izakaya,4.2,175000,"Pavilion Retail Arcade, Sudirman, Jakarta",Jepang,Sushi,-,2
PEPeNERO,4.3,175000,"Energy Building, SCBD, Jakarta",Itali,-,-,2
Caspar,4.1,175000,"Sudirman, Jakarta",Spanyol,Minuman,-,2
MUCCA Steak,4.2,175000,"Citywalk Sudirman, Sudirman, Jakarta",Steak,-,-,2
Lobby Lounge - Shangri-La Hotel,3.7,175000,"Shangri-La Hotel, Jakarta, Sudirman, Jakarta",Barat,Desserts,-,2
Acta Brasserie,4.1,175000,"The MAJ Senayan, Senayan, Jakarta",Barat,Asia,Grill House,2
Sushi Sei,4.5,175000,"Plaza Senayan, Senayan, Jakarta",Jepang,Sushi,-,2
Shu Guo Yin Xiang,3.7,175000,"Senayan City, Senayan, Jakarta",Chinese,-,-,2
Lagoon Lounge - The Sultan Hotel Jakarta,3.5,175000,"The Sultan Hotel Jakarta, Senayan, Jakarta",Barat,Indonesia,-,2
CHAMBER,3.9,175000,"Pacific Place, SCBD, Jakarta",Amerika,Asia,-,2
Liberica,3.9,175000,"Pacific Place, SCBD, Jakarta",Kopi,Amerika,Indonesia,2
Dimsum 48,3.1,175000,"SCBD, Jakarta",Dimsum,-,-,2
Kitchenette,4.1,175000,"Senayan City, Senayan, Jakarta",Itali,Asia,Barat,2
Seroeni,4.1,175000,"Plaza Senayan, Senayan, Jakarta",Malaysia,Chinese,-,2
Benedict,4.1,175000,"Pacific Place, SCBD, Jakarta",Barat,Kopi,Tea,2
Coca Suki Restaurant,4,175000,"Gedung BRI - Center Park, Bendungan Hilir, Jakarta",Jepang,Thai,-,2
Hanamasa,3.9,175000,"Plaza Semanggi, Sudirman, Jakarta",Jepang,-,-,2
La Boutique at BOCA - Le Meridien Hotel,3.9,175000,"Le Meridien Hotel, Sudirman, Jakarta",Kue & Roti,Desserts,-,2
Loewy,4.3,175000,"Oakwood, Kuningan, Jakarta",Barat,-,-,2
ST. ALi,4,175000,"Setiabudi One, Setiabudi, Jakarta",Kopi,Australian,-,2
The DEN of Kalaha,3.8,175000,"Somerset Grand Citra, Karet, Jakarta",Itali,Asia,-,2
The Harvest Deli,4,175000,"Kota Kasablanka, Tebet, Jakarta",Desserts,Roti,Barat,2
El Asador,4.2,175000,"Kemang, Jakarta",Amerika,Mexican,Spanish,2
Kenjiro,4.2,175000,"Senopati, Jakarta",Jepang,-,-,2
D'Bollywood - India Restaurant & Bar,4.2,175000,"Plaza Festival, Kuningan, Jakarta",India,India Utara,-,2
Beranda Kitchen,4.3,175000,"Gandaria, Jakarta",Barat,Indonesia,-,2
Veranda - The Grove Suites,2.5,175000,"The Grove Suites, Kuningan, Jakarta",Itali,Barat,Asia,2
Bebek Bengil,3.8,175000,"Epicentrum Walk, Kuningan, Jakarta",Indonesia,Bali,-,2
JJ Royal Brasserie,4,175000,"Lotte Shopping Avenue, Karet, Jakarta",Burger,Asia,-,2
Djournal House,4.1,175000,"Senopati, Jakarta",Kafe,Kopi,Itali,2
Sixty Resto & Bar - Goodrich Suites Jakarta,3.6,175000,"Fatmawati, Jakarta",Asia,Steak,Itali,2
Akar Restaurant And Bar,4,175000,"Senopati, Jakarta",Indonesia,-,-,2
Kafe Safari,3.4,175000,"Gandaria, Jakarta",Barat,-,-,2
Kaihomaru,4.1,180000,"Citywalk Sudirman, Sudirman, Jakarta",Sushi,Jepang,-,2
The Goods Kafe,3.9,190000,"Pacific Place, SCBD, Jakarta",Asia,Barat,-,2
Munchies Dine & Bar,3.7,190000,"Kota Kasablanka, Tebet, Jakarta",Eropa,Barat,-,2
Classified,3.2,190000,"Kemang Village, Kemang, Jakarta",Barat,Kafe,-,2
Monolog,4.3,200000,"Plaza Senayan, Senayan, Jakarta",Kopi,Barat,Asia,2
TWG Tea Salon & Boutique,4.5,200000,"Plaza Senayan, Senayan, Jakarta",Kafe,Desserts,Asia,2
de Luca,4.1,200000,"Plaza Senayan, Senayan, Jakarta",Itali,-,-,2
Pizza Kayu Api,3.3,200000,"The MAJ Senayan, Senayan, Jakarta",Pizza,Itali,-,2
LAVVA,3.8,200000,"Plaza Senayan, Senayan, Jakarta",Barat,Asia,-,2
Lagoon Kafe - The Sultan Hotel Jakarta,3.4,200000,"The Sultan Hotel Jakarta, Senayan, Jakarta",Barat,Asia,-,2
Sake+,3.5,200000,"Plaza Senayan Arcadia, Senayan, Jakarta",Jepang,-,-,2
Le Burger,4.3,200000,"Alila Hotel, SCBD, Jakarta",Burger,-,-,2
The Grill,4.3,200000,"Mid Plaza 2, Sudirman, Jakarta",Korea,Grill House,Barbekyu,2
Sushi Hiro,4.5,200000,"Senayan City, Senayan, Jakarta",Jepang,-,-,2
Pancious,4.3,200000,"Senayan City, Senayan, Jakarta",Barat,Desserts,Itali,2
Paradise Dynasty,4.5,200000,"Plaza Senayan, Senayan, Jakarta",Chinese,Dimsum,-,2
Holycow! Steak Hotel by Holycow!,3.1,200000,"Plaza Senayan Arcadia, Senayan, Jakarta",Chinese,-,-,2
Kembang Goela,4.4,200000,"Plaza Sentral, Sudirman, Jakarta",Betawi,Satay,Indonesia,2
Jia - Shangri-La Hotel,4.3,200000,"Shangri-La Hotel, Jakarta, Sudirman, Jakarta",Chinese,Dimsum,-,2
Kado - AYANA Midplaza JAKARTA,4.2,200000,"AYANA Midplaza Jakarta, Sudirman, Jakarta",Jepang,-,-,2
Holycow! Steak Hotel by Holycow!,3.6,200000,"Teras Benhil, Bendungan Hilir, Jakarta",Steak,-,-,2
Bengawan Solo Restaurant - Grand Sahid Jaya,3.1,200000,"Grand Sahid Jaya, Sudirman, Jakarta",Indonesia,-,-,2
American Grill,2.7,200000,"Plaza Semanggi, Sudirman, Jakarta",Steak,Grill House,Amerika,2
Bijin Nabe,4.4,200000,"Plaza Senayan, Senayan, Jakarta",Jepang,-,-,2
Pippo,4,200000,"Senayan City, Senayan, Jakarta",Itali,-,-,2
Social Garden,4.2,200000,"Senayan City, Senayan, Jakarta",Barat,-,-,2
Eric Kayser Artisan Boulanger,4.3,200000,"Plaza Senayan, Senayan, Jakarta",Barat,Kopi,Kue & Roti,2
Union Kafe,4.2,200000,"Senayan City, Senayan, Jakarta",Kafe,Amerika,Desserts,2
Angus House,4.2,200000,"Plaza Senayan, Senayan, Jakarta",Steak,Jepang,-,2
Katsura,3.9,200000,"Plaza Senayan, Senayan, Jakarta",Jepang,Sushi,-,2
Kafe Victoria,3.8,200000,"Plaza Senayan, Senayan, Jakarta",Barat,Asia,-,2
Nan Xiang - The Sultan Hotel Jakarta,3.8,200000,"The Sultan Hotel Jakarta, Senayan, Jakarta",Chinese,-,-,2
Odysseia,4,200000,"Pacific Place, SCBD, Jakarta",Desserts,Eropa,Indonesia,2
La Posta - Taste Of Argentina,4.5,200000,"Sudirman, Jakarta",Steak,Amerika Latin,Spanyol,2
Eight Treasures,4.2,200000,"Pacific Place, SCBD, Jakarta",Chinese,Makanan Sehat,Seafood,2
Bushido - Grand Sahid Jaya,3.9,200000,"Grand Sahid Jaya, Sudirman, Jakarta",Jepang,-,-,2
Robot & Co,3.2,200000,"Pacific Place, SCBD, Jakarta",Asia,Barat,-,2
NOUVELLE,3.6,200000,"Equity Tower, SCBD, Jakarta",Asia,Eropa,-,2
Patio Venue,4.1,200000,"Dharmawangsa, Jakarta",Asia,Pizza,-,2
Lokananta,3.8,200000,"Dharmawangsa, Jakarta",Steak,-,-,2
Backyard Kitchen & Grill,3.7,200000,"Cilandak, Jakarta",Barat,Kopi,-,2
Riva Grill Bar & Terrace,3.7,200000,"Wyndham Casablanca Jakarta, Tebet, Jakarta",Barat,Makanan Sehat Food,-,2
HARRIS Kafe - HARRIS Hotel Tebet,3.8,200000,"HARRIS Hotel, Tebet, Jakarta",Indonesia,Amerika,Eropa,2
Liquid Exchange,3.6,200000,"Epicentrum Walk, Kuningan, Jakarta",Amerika,Eropa,Indonesia,2
Roosevelt,4,200000,"Fatmawati, Jakarta",Barat,-,-,2
Seribu Rasa,4.2,200000,"Kemang Village, Kemang, Jakarta",Seafood,Jawa,Indonesia,2
Hard Rock Kafe,4.2,200000,"Pacific Place, SCBD, Jakarta",Amerika,Burger,-,2
TGI Fridays,4.3,200000,"Kemang Village, Kemang, Jakarta",Burger,Amerika,Itali,2
Meat Me Steak House & Butchery,4.1,200000,"Kemang Village, Kemang, Jakarta",Steak,-,-,2
Gandy Steak House,3.4,200000,"Epicentrum Walk, Kuningan, Jakarta",Steak,-,-,2
On Eleven - Ascott Kuningan Jakarta,3.6,200000,"Karet, Jakarta",Barat,Indonesia,-,2
Komunal88,4.3,215000,"Kemang, Jakarta",Itali,Kopi,Tea,2
Bottega Ristorante,4.2,225000,"Fairgrounds, SCBD, Jakarta",Itali,-,-,2
Kila Kila by Akasya,4.3,225000,"SCBD, Jakarta",Indonesia,-,-,2
The Goods Diner,4.1,225000,"Fairgrounds, SCBD, Jakarta",Burger,Eropa,-,2
Porta Venezia - Aryaduta Suites Semanggi,3.5,225000,"Sudirman, Jakarta",Indonesia,Barat,-,2
Bloeming Bar and Resto,3.1,225000,"fX Sudirman, Sudirman, Jakarta",Indonesia,Barat,Itali,2
Paul,4.1,225000,"Plaza Senayan, Senayan, Jakarta",Kafe,Kue & Roti,Desserts,2
Liberte,3.9,225000,"Pacific Place, SCBD, Jakarta",Itali,-,-,2
The Edge,3.8,225000,"Kemang, Jakarta",Asia,Grill,-,2
Lovester Shack,4.5,225000,"Pondok Indah, Jakarta",Seafood,-,-,2
McGettigan's,4,225000,"Menara BTPN, Kuningan, Jakarta",Barat,Asia,-,2
Smokey Ribs,3.2,225000,"Kemang Village, Kemang, Jakarta",Amerika,Itali,Eropa,2
William's,4.2,228000,"SCBD, Jakarta",Barat,Asia,-,2
Peacock Lounge - Fairmont Jakarta,4.1,250000,"Fairmont Jakarta, Senayan, Jakarta",Kafe,-,-,2
Tucano's Churrascaria - Brazilian Barbekyu & Buffet,3.9,250000,"Senayan City, Senayan, Jakarta",Steak,Grill House,Barbekyu,2
Furusato Izakaya,4.5,250000,"Sudirman, Jakarta",Jepang,-,-,2
Mare Nostrum,4.1,250000,"Grand Sahid Jaya, Sudirman, Jakarta",Mediterania,-,-,2
Osteria GIA,4.7,250000,"Pacific Place, SCBD, Jakarta",Itali,-,-,2
Wolfgang's Steakhouse,3.3,250000,"SCBD, Jakarta",Steak,-,-,2
Sumibian,4.2,250000,"Plaza Chase, Sudirman, Jakarta",Sushi,-,-,2
Outback Steakhouse,4.2,250000,"Ratu Plaza, Sudirman, Jakarta",Steak,Burger,Seafood,2
AW Kitchen by Akira Watanabe,4.4,250000,"Plaza Senayan, Senayan, Jakarta",Itali,Jepang,-,2
Bleu8 - Hotel Mulia,3.8,250000,"Hotel Mulia, Senayan, Jakarta",Barat,Asia,Meksiko,2
Sapori Deli - Fairmont Jakarta,4,250000,"Fairmont Jakarta, Senayan, Jakarta",Itali,-,-,2
The Chocolate Boutique & Cake Shops - Hotel Mulia,3.4,250000,"Hotel Mulia, Senayan, Jakarta",Kue & Roti,Desserts,-,2
Plataran Tiga Dari,3.8,250000,"Sudirman, Jakarta",Indonesia,Minuman,Desserts,2
LBRTY,3.6,250000,"SCBD, Jakarta",Barat,-,-,2
Plataran Dharmawangsa,4.6,250000,"Dharmawangsa Square, Dharmawangsa, Jakarta",Indonesia,-,-,2
Ivy Restaurant,3.9,250000,"Dharmawangsa, Jakarta",Itali,Barat,Indonesia,2
Alto Restaurant & Bar - Four Seasons,4.3,250000,"Four Seasons, Gatot Subroto, Jakarta",Itali,-,-,2
Nusa Indonesian Gastronomy,4.3,250000,"Kemang, Jakarta",Indonesia,-,-,2
QUEENS HEAD,4.1,250000,"Kemang, Jakarta",British,-,-,2
Palm Court - Four Seasons,4.1,250000,"Four Seasons, Gatot Subroto, Jakarta",Indonesia,-,-,2
Sperta - Grand Kemang Jakarta,3.9,250000,"Grand Kemang Hotel, Kemang, Jakarta",Barat,Indonesia,-,2
Harum Manis,4.4,275000,"Apartemen Pavilion, Sudirman, Jakarta",Indonesia,-,-,2
Huize van Wely,4,275000,"Pacific Place, SCBD, Jakarta",Indonesia,Jepang,Barat,2
The Pallas,4.2,275000,"Fairgrounds, SCBD, Jakarta",Barat,Asia,-,2
Gyu - Kaku Japanese Barbekyu,2.9,275000,"Senayan, Jakarta",Jepang,Barbekyu,-,2
Satoo - Shangri-La Hotel,4.4,275000,"Shangri-La Hotel, Jakarta, Sudirman, Jakarta",Indonesia,Barat,-,2
Cork & Screw Country Club,4.1,300000,"Senayan National Golf Club, Senayan, Jakarta",Eropa,Grill House,Asia,2
"Nippon - Kan, The Sultan Hotel Jakarta",3.9,300000,"The Sultan Hotel Jakarta, Senayan, Jakarta",Jepang,-,-,2
FUKURO Dining & Sake Bar,4.1,300000,"Fairgrounds, SCBD, Jakarta",Jepang,-,-,2
Ippachi,3.9,300000,"Wisma BNI 46, Sudirman, Jakarta",Jepang,Sushi,-,2
Shabu-Shabu Shaburi,4.1,300000,"Senayan City, Senayan, Jakarta",Jepang,-,-,2
Yakiniku Kintan Buffet,4.3,300000,"Senayan City, Senayan, Jakarta",Jepang,-,-,2
Volare,3.9,300000,"Cilandak Town Square, Fatmawati, Jakarta",Itali,Pizza,Steak,2
"Lobo Italian Bistro - The Ritz-Carlton Jakarta, Mega Kuningan",4,300000,"The Ritz-Carlton Jakarta, Mega Kuningan, Kuningan, Jakarta",Itali,-,-,2
ROMA Osteria & Bar,4,300000,"SCBD, Jakarta",Itali,-,-,2
TenJin,3.6,325000,"Wisma Keiai - Kyoei Prince, Sudirman, Jakarta",Jepang,Barbekyu,-,3
En Japanese Dining,4.3,325000,"Senayan City, Senayan, Jakarta",Sushi,Jepang,-,3
Nishimura - Shangri-La Hotel,3.5,325000,"Shangri-La Hotel, Jakarta, Sudirman, Jakarta",Jepang,Sushi,-,3
Motion Blue Jakarta - Fairmont Jakarta,3.5,335000,"Fairmont Jakarta, Senayan, Jakarta",Jepang,Perancis,Barat,3
Takumi Robata,4.1,350000,"The MAJ Senayan, Senayan, Jakarta",Jepang,Sushi,-,3
Orient8 - Hotel Mulia,4.5,350000,"Hotel Mulia, Senayan, Jakarta",Perancis,Vietnam,Thai,3
ZAZA's Boutique Bar & Eatery,3.1,350000,"SCBD, Jakarta",Barat,-,-,3
PASOLA - The Ritz-Carlton Pacific Place,4.7,350000,"The Ritz Carlton, SCBD, Jakarta",Indonesia,Barat,-,3
Rosso - Shangri-La Hotel,4.3,400000,"Shangri-La Hotel, Jakarta, Sudirman, Jakarta",Itali,-,-,3
Iseya Robatayaki,4.1,400000,"Sampoerna Strategic Square, Sudirman, Jakarta",Jepang,-,-,3
Table8 - Hotel Mulia,4.9,400000,"Hotel Mulia, Senayan, Jakarta",Chinese,Dimsum,-,3
Edogin - Hotel Mulia,4.8,400000,"Hotel Mulia, Senayan, Jakarta",Jepang,-,-,3
Vong Kitchen,4.3,400000,"Alila Hotel, SCBD, Jakarta",Barat,-,-,3
Bistecca,4.4,425000,"18 Parc SCBD, SCBD, Jakarta",Steak,Itali,-,3
Apron Grill,5,500000,"The MAJ Senayan, Senayan, Jakarta",Grill House,Fusion,Barat,3
il Mare - Hotel Mulia,4.1,500000,"Hotel Mulia, Senayan, Jakarta",Itali,-,-,3
Senshu Japanese Restaurant - Fairmont Jakarta,4.1,500000,"Fairmont Jakarta, Senayan, Jakarta",Jepang,-,-,3
1945 Restaurant - Fairmont Jakarta,4,500000,"Fairmont Jakarta, Senayan, Jakarta",Indonesia,-,-,3
House of Yuen - Fairmont Jakarta,4.3,500000,"Fairmont Jakarta, Senayan, Jakarta",Chinese,Dimsum,-,3
Fonzu Premium Grill & Shabu 北海道ビール園,4.4,500000,"Wisma BNI 46, Sudirman, Jakarta",Jepang,-,-,3
Gyu - Kaku Prime,3.9,582500,"Pacific Place, SCBD, Jakarta",Jepang,-,-,3
The Café - Hotel Mulia,4.9,600000,"Hotel Mulia, Senayan, Jakarta",Indonesia,Barat,-,3
Spectrum - Fairmont Jakarta,4.6,650000,"Fairmont Jakarta, Senayan, Jakarta",Barat,-,-,3
View - Fairmont Jakarta,4.2,700000,"Fairmont Jakarta, Senayan, Jakarta",Barat,-,-,3
Amuz,4.4,800000,"Energy Building, SCBD, Jakarta",Perancis,-,-,3
Ebeya Steakhouse - The Ritz Carlton Pacific Place,4.2,1500000,"The Ritz Carlton, SCBD, Jakarta",Jepang,Steak,-,3
Henshin - The Westin Jakarta,4.2,700000,"The Westin Jakarta, Kuningan, Jakarta",Peruvian,Jepang,-,3
